k,v
0,おもちゃ・ホビー・グッズ>おもちゃ>キャラクターグッズ
1,レディース>アクセサリー>ブローチ/コサージュ
2,その他>アンティーク/コレクション>雑貨
3,おもちゃ・ホビー・グッズ>おもちゃ>プラモデル
4,おもちゃ・ホビー・グッズ>おもちゃ>ホビーラジコン
5,ベビー・キッズ>子ども用ファッション小物>帽子
6,おもちゃ・ホビー・グッズ>おもちゃ>鉄道模型
7,レディース>ヘアアクセサリー>ヘアバンド/カチューシャ
8,おもちゃ・ホビー・グッズ>おもちゃ>その他
9,レディース>ヘアアクセサリー>ヘアピン
10,レディース>ヘアアクセサリー>その他
11,コスメ・香水・美容>スキンケア/基礎化粧品>化粧水/ローション
12,レディース>小物>長財布
13,レディース>小物>折り財布
14,コスメ・香水・美容>スキンケア/基礎化粧品>美容液
15,コスメ・香水・美容>スキンケア/基礎化粧品>クレンジング/メイク落とし
16,コスメ・香水・美容>スキンケア/基礎化粧品>洗顔料
17,コスメ・香水・美容>スキンケア/基礎化粧品>パック/フェイスマスク
18,レディース>小物>手袋/アームカバー
19,コスメ・香水・美容>スキンケア/基礎化粧品>フェイスクリーム
20,レディース>小物>ハンカチ
21,コスメ・香水・美容>スキンケア/基礎化粧品>トライアルセット/サンプル
22,レディース>小物>マフラー/ショール
23,レディース>小物>ストール/スヌード
24,自動車・オートバイ>自動車アクセサリー>車内アクセサリー
25,レディース>小物>その他
26,おもちゃ・ホビー・グッズ>トレーディングカード>マジック：ザ・ギャザリング
27,レディース>時計>腕時計(アナログ)
28,おもちゃ・ホビー・グッズ>トレーディングカード>ポケモンカードゲーム
29,本・音楽・ゲーム>DVD/ブルーレイ>ミュージック
30,おもちゃ・ホビー・グッズ>トレーディングカード>デュエルマスターズ
31,ベビー・キッズ>行事/記念品>その他
32,おもちゃ・ホビー・グッズ>その他>その他
33,おもちゃ・ホビー・グッズ>フィギュア>コミック/アニメ
34,おもちゃ・ホビー・グッズ>トレーディングカード>ヴァイスシュヴァルツ
35,インテリア・住まい・小物>キッチン/食器>食器
36,コスメ・香水・美容>香水>香水(女性用)
37,コスメ・香水・美容>香水>ユニセックス
38,おもちゃ・ホビー・グッズ>トレーディングカード>ドラゴンボール
39,インテリア・住まい・小物>キッチン/食器>調理器具
40,インテリア・住まい・小物>キッチン/食器>収納/キッチン雑貨
41,コスメ・香水・美容>ベースメイク>化粧下地
42,コスメ・香水・美容>ベースメイク>ファンデーション
43,インテリア・住まい・小物>キッチン/食器>弁当用品
44,レディース>浴衣/水着>着物
45,インテリア・住まい・小物>キッチン/食器>容器
46,インテリア・住まい・小物>キッチン/食器>その他
47,レディース>バッグ>リュック/バックパック
48,コスメ・香水・美容>メイクアップ>アイシャドウ
49,ベビー・キッズ>ベビー服(男女兼用)  ~95cm>ロンパース
50,コスメ・香水・美容>メイクアップ>口紅
51,ベビー・キッズ>ベビー服(男女兼用)  ~95cm>トップス
52,コスメ・香水・美容>メイクアップ>メイク道具/化粧小物
53,ベビー・キッズ>ベビー服(男女兼用)  ~95cm>アウター
54,コスメ・香水・美容>ネイルケア>ネイルアート用品
55,コスメ・香水・美容>ネイルケア>ネイルチップ/付け爪
56,コスメ・香水・美容>ヘアケア>シャンプー
57,コスメ・香水・美容>ヘアケア>トリートメント
58,おもちゃ・ホビー・グッズ>トレーディングカード>スリーブ
59,その他>日用品/生活雑貨/旅行>日用品/生活雑貨
60,家電・スマホ・カメラ>スマートフォン/携帯電話>スマートフォン本体
61,おもちゃ・ホビー・グッズ>トレーディングカード>バトルスピリッツ
62,レディース>その他>コスプレ
63,レディース>その他>その他
64,コスメ・香水・美容>ボディケア>オイル/クリーム
65,メンズ>トップス>Tシャツ/カットソー(半袖/袖なし)
66,レディース>その他>下着
67,メンズ>トップス>Tシャツ/カットソー(七分/長袖)
68,メンズ>トップス>シャツ
69,コスメ・香水・美容>ボディケア>ハンドクリーム
70,メンズ>トップス>ニット/セーター
71,メンズ>トップス>パーカー
72,メンズ>トップス>カーディガン
73,メンズ>トップス>スウェット
74,メンズ>トップス>ジャージ
75,チケット>優待券/割引券>ショッピング
76,チケット>優待券/割引券>レストラン/食事券
77,自動車・オートバイ>自動車パーツ>ライト
78,メンズ>ジャケット/アウター>テーラードジャケット
79,チケット>優待券/割引券>フード/ドリンク券
80,チケット>優待券/割引券>その他
81,メンズ>ジャケット/アウター>ダウンジャケット
82,コスメ・香水・美容>ダイエット>ダイエット食品
83,メンズ>ジャケット/アウター>ナイロンジャケット
84,メンズ>バッグ>リュック/バックパック
85,レディース>スーツ/フォーマル/ドレス>ウェディング
86,コスメ・香水・美容>その他>健康用品
87,ベビー・キッズ>子ども用ファッション小物>バッグ
88,家電・スマホ・カメラ>その他>その他
89,スポーツ・レジャー>その他>その他
90,コスメ・香水・美容>その他>その他
91,ハンドメイド>日用品/インテリア>アート/写真
92,家電・スマホ・カメラ>PC/タブレット>ノートPC
93,ハンドメイド>日用品/インテリア>フラワー/ガーデン
94,家電・スマホ・カメラ>PC/タブレット>PC周辺機器
95,メンズ>ジャケット/アウター>ブルゾン
96,ハンドメイド>素材/材料>各種パーツ
97,レディース>アクセサリー>ブレスレット
98,家電・スマホ・カメラ>カメラ>デジタルカメラ
99,ハンドメイド>素材/材料>生地/糸
100,メンズ>ジャケット/アウター>マウンテンパーカー
101,ハンドメイド>素材/材料>その他
102,ハンドメイド>アクセサリー(女性用)>ヘアゴム
103,メンズ>ジャケット/アウター>その他
104,家電・スマホ・カメラ>カメラ>その他
105,メンズ>パンツ>デニム/ジーンズ
106,レディース>パンツ>デニム/ジーンズ
107,メンズ>パンツ>ワークパンツ/カーゴパンツ
108,メンズ>パンツ>スラックス
109,家電・スマホ・カメラ>テレビ/映像機器>その他
110,家電・スマホ・カメラ>オーディオ機器>イヤフォン
111,メンズ>パンツ>その他
112,メンズ>靴>スニーカー
113,家電・スマホ・カメラ>オーディオ機器>スピーカー
114,スポーツ・レジャー>野球>応援グッズ
115,家電・スマホ・カメラ>オーディオ機器>その他
116,メンズ>靴>ブーツ
117,自動車・オートバイ>自動車アクセサリー>車外アクセサリー
118,スポーツ・レジャー>サッカー/フットサル>ウェア
119,自動車・オートバイ>自動車アクセサリー>メンテナンス用品
120,メンズ>靴>ドレス/ビジネス
121,家電・スマホ・カメラ>スマートフォン/携帯電話>バッテリー/充電器
122,メンズ>バッグ>ショルダーバッグ
123,レディース>バッグ>ショルダーバッグ
124,家電・スマホ・カメラ>スマートフォン/携帯電話>その他
125,本・音楽・ゲーム>本>参考書
126,家電・スマホ・カメラ>生活家電>調理機器
127,家電・スマホ・カメラ>生活家電>掃除機
128,家電・スマホ・カメラ>生活家電>その他
129,その他>食品>野菜
130,その他>食品>果物
131,その他>食品>その他 加工食品
132,その他>食品>菓子
133,メンズ>帽子>キャップ
134,スポーツ・レジャー>ゴルフ>その他
135,メンズ>帽子>ニットキャップ/ビーニー
136,レディース>帽子>ニットキャップ/ビーニー
137,その他>飲料/酒>コーヒー
138,その他>飲料/酒>茶
139,レディース>トップス>Tシャツ/カットソー(半袖/袖なし)
140,レディース>トップス>ニット/セーター
141,その他>飲料/酒>ウイスキー
142,レディース>トップス>Tシャツ/カットソー(七分/長袖)
143,メンズ>アクセサリー>ネックレス
144,レディース>アクセサリー>ネックレス
145,家電・スマホ・カメラ>PC/タブレット>タブレット
146,レディース>トップス>シャツ/ブラウス(半袖/袖なし)
147,メンズ>アクセサリー>ブレスレット
148,インテリア・住まい・小物>インテリア小物>置物
149,スポーツ・レジャー>その他スポーツ>ダンス/バレエ
150,レディース>トップス>シャツ/ブラウス(七分/長袖)
151,メンズ>アクセサリー>リング
152,インテリア・住まい・小物>インテリア小物>その他
153,メンズ>小物>長財布
154,おもちゃ・ホビー・グッズ>トレーディングカード>遊戯王
155,レディース>トップス>カーディガン/ボレロ
156,メンズ>小物>折り財布
157,スポーツ・レジャー>その他スポーツ>その他
158,レディース>トップス>ベスト/ジレ
159,スポーツ・レジャー>フィッシング>その他
160,レディース>トップス>パーカー
161,家電・スマホ・カメラ>PC/タブレット>PCパーツ
162,レディース>トップス>トレーナー/スウェット
163,スポーツ・レジャー>アウトドア>登山用品
164,メンズ>小物>ネクタイ
165,スポーツ・レジャー>アウトドア>その他
166,レディース>ジャケット/アウター>テーラードジャケット
167,本・音楽・ゲーム>レコード>邦楽
168,レディース>ジャケット/アウター>ノーカラージャケット
169,本・音楽・ゲーム>レコード>洋楽
170,その他>ペット用品>犬用品
171,その他>ペット用品>猫用品
172,ハンドメイド>ファッション/小物>バッグ(女性用)
173,レディース>ジャケット/アウター>ダウンジャケット
174,ハンドメイド>ファッション/小物>ファッション雑貨
175,その他>ペット用品>魚用品/水草
176,レディース>ジャケット/アウター>ジャンパー/ブルゾン
177,メンズ>小物>サングラス/メガネ
178,レディース>ジャケット/アウター>ロングコート
179,本・音楽・ゲーム>漫画>全巻セット
180,スポーツ・レジャー>フィッシング>リール
181,本・音楽・ゲーム>漫画>少年漫画
182,スポーツ・レジャー>フィッシング>ルアー用品
183,本・音楽・ゲーム>漫画>少女漫画
184,ハンドメイド>日用品/インテリア>文房具
185,レディース>ジャケット/アウター>毛皮/ファーコート
186,本・音楽・ゲーム>漫画>青年漫画
187,本・音楽・ゲーム>漫画>女性漫画
188,ハンドメイド>趣味/おもちゃ>クラフト/布製品
189,レディース>ジャケット/アウター>その他
190,本・音楽・ゲーム>漫画>その他
191,ハンドメイド>趣味/おもちゃ>おもちゃ/人形
192,スポーツ・レジャー>自転車>パーツ
193,メンズ>小物>タバコグッズ
194,本・音楽・ゲーム>本>文学/小説
195,スポーツ・レジャー>自転車>工具/メンテナンス
196,本・音楽・ゲーム>本>人文/社会
197,ハンドメイド>キッズ/ベビー>外出用品
198,レディース>パンツ>カジュアルパンツ
199,メンズ>時計>腕時計(アナログ)
200,本・音楽・ゲーム>本>ノンフィクション/教養
201,メンズ>時計>腕時計(デジタル)
202,本・音楽・ゲーム>本>地図/旅行ガイド
203,本・音楽・ゲーム>本>ビジネス/経済
204,スポーツ・レジャー>ゴルフ>クラブ
205,本・音楽・ゲーム>本>健康/医学
206,スポーツ・レジャー>ゴルフ>ウエア(男性用)
207,本・音楽・ゲーム>本>コンピュータ/IT
208,その他>食品>その他
209,スポーツ・レジャー>ゴルフ>ウエア(女性用)
210,本・音楽・ゲーム>本>趣味/スポーツ/実用
211,本・音楽・ゲーム>本>住まい/暮らし/子育て
212,本・音楽・ゲーム>本>アート/エンタメ
213,その他>日用品/生活雑貨/旅行>タオル/バス用品
214,本・音楽・ゲーム>本>洋書
215,スポーツ・レジャー>ゴルフ>アクセサリー
216,レディース>スカート>ミニスカート
217,本・音楽・ゲーム>本>その他
218,本・音楽・ゲーム>本>絵本
219,スポーツ・レジャー>トレーニング/エクササイズ>ランニング
220,レディース>スカート>ひざ丈スカート
221,メンズ>レッグウェア>ソックス
222,本・音楽・ゲーム>雑誌>アート/エンタメ/ホビー
223,レディース>スカート>ロングスカート
224,本・音楽・ゲーム>雑誌>ファッション
225,スポーツ・レジャー>トレーニング/エクササイズ>トレーニング用品
226,本・音楽・ゲーム>雑誌>趣味/スポーツ
227,レディース>ワンピース>ミニワンピース
228,その他>文房具/事務用品>筆記具
229,レディース>ワンピース>ひざ丈ワンピース
230,レディース>ワンピース>ロングワンピース
231,本・音楽・ゲーム>DVD/ブルーレイ>外国映画
232,おもちゃ・ホビー・グッズ>コレクション>印刷物
233,その他>文房具/事務用品>ノート/メモ帳
234,本・音楽・ゲーム>DVD/ブルーレイ>日本映画
235,おもちゃ・ホビー・グッズ>コレクション>ノベルティグッズ
236,ベビー・キッズ>ベビー服(女の子用)  ~95cm>トップス
237,本・音楽・ゲーム>DVD/ブルーレイ>アニメ
238,おもちゃ・ホビー・グッズ>コレクション>その他
239,レディース>靴>ハイヒール/パンプス
240,レディース>靴>ブーツ
241,その他>文房具/事務用品>テープ/マスキングテープ
242,レディース>靴>サンダル
243,本・音楽・ゲーム>DVD/ブルーレイ>お笑い/バラエティ
244,レディース>靴>スニーカー
245,その他>文房具/事務用品>カレンダー/スケジュール
246,本・音楽・ゲーム>DVD/ブルーレイ>その他
247,その他>文房具/事務用品>その他
248,本・音楽・ゲーム>CD>邦楽
249,インテリア・住まい・小物>インテリア小物>植物/観葉植物
250,本・音楽・ゲーム>CD>洋楽
251,本・音楽・ゲーム>CD>アニメ
252,家電・スマホ・カメラ>スマホアクセサリー>iPhone用ケース
253,ベビー・キッズ>キッズ服(女の子用) 100cm~>ジャケット/上着
254,本・音楽・ゲーム>CD>K-POP/アジア
255,ベビー・キッズ>キッズ服(女の子用) 100cm~>トップス(Tシャツ/カットソー)
256,本・音楽・ゲーム>CD>その他
257,本・音楽・ゲーム>テレビゲーム>家庭用ゲーム本体
258,レディース>ルームウェア/パジャマ>ルームウェア
259,ベビー・キッズ>キッズ服(女の子用) 100cm~>パンツ
260,本・音楽・ゲーム>テレビゲーム>家庭用ゲームソフト
261,その他>事務/店舗用品>ラッピング/包装
262,ベビー・キッズ>キッズ服(女の子用) 100cm~>ワンピース
263,本・音楽・ゲーム>テレビゲーム>携帯用ゲーム本体
264,本・音楽・ゲーム>テレビゲーム>携帯用ゲームソフト
265,本・音楽・ゲーム>テレビゲーム>その他
266,おもちゃ・ホビー・グッズ>タレントグッズ>アイドル
267,レディース>レッグウェア>ソックス
268,おもちゃ・ホビー・グッズ>タレントグッズ>ミュージシャン
269,レディース>レッグウェア>スパッツ/レギンス
270,おもちゃ・ホビー・グッズ>タレントグッズ>タレント/お笑い芸人
271,レディース>レッグウェア>ストッキング/タイツ
272,おもちゃ・ホビー・グッズ>タレントグッズ>スポーツ選手
273,おもちゃ・ホビー・グッズ>トレーディングカード>その他
274,ベビー・キッズ>おもちゃ>知育玩具
275,おもちゃ・ホビー・グッズ>タレントグッズ>その他
276,ベビー・キッズ>キッズ服(男の子用) 100cm~>ジャケット/上着
277,ベビー・キッズ>キッズ服(男女兼用) 100cm~>ジャケット/上着
278,ベビー・キッズ>キッズ服(男の子用) 100cm~>トップス(Tシャツ/カットソー)
279,ベビー・キッズ>キッズ服(男の子用) 100cm~>パンツ
280,おもちゃ・ホビー・グッズ>コミック/アニメグッズ>ストラップ
281,おもちゃ・ホビー・グッズ>コミック/アニメグッズ>キーホルダー
282,おもちゃ・ホビー・グッズ>コミック/アニメグッズ>バッジ
283,レディース>バッグ>ハンドバッグ
284,おもちゃ・ホビー・グッズ>コミック/アニメグッズ>カード
285,レディース>バッグ>トートバッグ
286,おもちゃ・ホビー・グッズ>コミック/アニメグッズ>クリアファイル
287,レディース>バッグ>エコバッグ
288,おもちゃ・ホビー・グッズ>コミック/アニメグッズ>タオル
289,おもちゃ・ホビー・グッズ>コミック/アニメグッズ>その他
290,家電・スマホ・カメラ>スマホアクセサリー>Android用ケース
291,レディース>バッグ>ポーチ/バニティ
292,おもちゃ・ホビー・グッズ>ミリタリー>トイガン
293,家電・スマホ・カメラ>スマホアクセサリー>フィルム
294,家電・スマホ・カメラ>スマホアクセサリー>その他
295,家電・スマホ・カメラ>美容/健康>美容機器
296,ベビー・キッズ>キッズ服(男女兼用) 100cm~>ボトムス
297,おもちゃ・ホビー・グッズ>おもちゃ>小物/アクセサリー
298,ハンドメイド>アクセサリー(女性用)>ピアス
299,レディース>バッグ>ショップ袋
300,ベビー・キッズ>キッズ靴>スニーカー
301,おもちゃ・ホビー・グッズ>フィギュア>特撮
302,おもちゃ・ホビー・グッズ>フィギュア>ゲームキャラクター
303,レディース>アクセサリー>リング
304,おもちゃ・ホビー・グッズ>フィギュア>その他
305,おもちゃ・ホビー・グッズ>おもちゃ>ぬいぐるみ
306,レディース>アクセサリー>ピアス(両耳用)
307,おもちゃ・ホビー・グッズ>おもちゃ>模型/プラモデル
308,レディース>アクセサリー>イヤリング
309,おもちゃ・ホビー・グッズ>おもちゃ>ミニカー
310,ベビー・キッズ>子ども用ファッション小物>靴下/スパッツ
311,おもちゃ・ホビー・グッズ>美術品>絵画/タペストリ
